,Train Acc,Val Acc,Gap,Val AUC,Sensitivity,Specificity
Step 7.4 (De-Anchored Optimization),0.6399623155593872,0.5836575627326965,0.056304752826690674,0.6285951733589172,0.7778,0.4071
