Metric,Test Score
Accuracy,0.5478723645210266
AUC,0.6096432209014893
Sensitivity,0.6689655172413793
Specificity,0.47186147186147187
